smiles_r,NAME,ce50,pce50,confidence,confidence_category,ensemble_std,rat_VDss_L_kg,rat_CL_mL_min_kg,rat_fup
O=c1[n-]cc(F)c(=O)[n-]1,5-Fluorouracil,21.760498029947158,-1.3376688307863782,2.2009263011834452,Low,0.034884722635920705,0.25,33.0,0.69
C[NH2+][C@@H]1C[C@H]2O[C@@](C)([C@@H]1OC)n1c3ccccc3c3c4c(c5c6ccccc6n2c5c31)C(=O)N[C@@H]4O,7-Hydroxystaurosporine,21.957331806730593,-1.341579564739045,1.8828155929202974,Low,0.037688447935028485,16.7,65.0,
CC[C@@]1(O)C(=O)OCc2c1cc1n(c2=O)Cc2cc3c(N)cccc3nc2-1,9-Aminocamptothecin,22.024191933591887,-1.3428999831353936,1.6610910564220773,Low,0.039642656568265565,5.0,150.0,
Nc1nc([NH2+]C2CC2)c2ncn([C@H]3C=C[C@@H](CO)C3)c2n1,Abacavir,21.672454207142707,-1.335908093981029,2.3993615720824417,Low,0.033135778086733784,,30.0,
CC[NH+](CC)CCNC(=O)c1ccc(NC(C)=O)cc1,Acecainide,21.79824797881185,-1.3384215888471949,2.4013068567858893,Low,0.0331186329740565,2.9,28.0,0.58
CC(=O)Nc1ccc([O-])cc1,Acetaminophen,21.885902148024698,-1.3401644531576693,1.9304480386555614,Low,0.037268630903733,0.92,15.0,0.27
CC(=O)Nc1nnc(S(N)(=O)=O)s1,Acetazolamide,21.851279799361944,-1.339476878080995,2.0261114178598882,Low,0.03642548469863437,0.21,68.0,0.2
CC(=O)Oc1ccccc1C(=O)[O-],Acetylsalicylic Acid,21.866319489757384,-1.3397756893108956,2.0481103753660284,Low,0.03623159297442702,0.4,87.0,
[NH3+]C(C(=O)[O-])[C@@H]1CC(Cl)=NO1,Acivicin,21.817094706484223,-1.3387969168779084,2.1745969654940125,Low,0.03511678091834764,0.74,6.4,
CC1=[NH+]C(=O)[C@](CC[NH+](C(C)C)C(C)C)(c2ccccc2)[C@H]2CCCCN12,Actisomide,21.979633419361154,-1.34202044489929,1.8003421060300342,Low,0.038415342678567214,4.2,48.0,0.63
Nc1nc(=O)c2ncn(COCCO)c2[n-]1,Acyclovir,21.766278620596886,-1.337784184085164,2.1058824985387155,Low,0.035722408092827736,0.7,6.7,0.19
Nc1ncnc2c1ncn2CCOCP(=O)([O-])[O-],Adefovir,21.471980344512914,-1.3318721009351775,3.189458833609538,Medium,0.026172115363796378,1.6,22.0,
CC(C)(C)[NH2+]CC(O)c1ccc([O-])c(CO)c1,Albuterol,20.09667547728871,-1.3031242195456088,6.0,High,0.0014009109758122329,30.0,97.0,0.05
CCC(=O)N(c1ccccc1)C1(COC)CC[NH+](CCn2nnn(CC)c2=O)CC1,Alfentanil,22.120192759818217,-1.3447889071788013,1.4828787323062012,Low,0.04121336257959276,0.54,29.0,0.16
C[NH+](C)CCc1c[nH]c2ccc(CS(=O)(=O)[NH+]3CCCC3)cc12,Almotriptan,22.091752712665308,-1.3442301732386768,1.5290926663015603,Low,0.0408060478537807,2.7,55.8,0.72
Cc1nnc2n1-c1ccc(Cl)cc1C(c1ccccc1)=NC2,Alprazolam,20.056602261388427,-1.3022573621782496,5.330483228043494,High,0.007301816110255613,2.7,133.0,0.35
[NH3+]C12CC3CC(CC(C3)C1)C2,Amantadine,21.5827300419629,-1.3341063785845928,2.594679937785654,Low,0.03141430493579074,6.4,19.0,0.52
C[NH2+]n1cc(C(=O)[O-])c(=O)c2cc(F)c(N3CC[NH+](C)CC3)cc21,Amifloxacin,21.801997181421555,-1.3384962791615709,2.1756131450700367,Low,0.035107824638940105,3.6,12.0,
[NH3+]CCC(O)C(=O)N[C@@H]1C[C@H]([NH3+])[C@@H](O[C@H]2O[C@H](C[NH3+])[C@@H](O)[C@H](O)[C@H]2O)[C@H](O)[C@H]1O[C@H]1O[C@H](CO)[C@@H](O)[C@H]([NH3+])[C@H]1O,Amikacin,22.15128663523435,-1.3453989568504716,1.5766333141099902,Low,0.040387039899838426,0.16,5.4,
[NH3+]C1(C(=O)[O-])CC1,Aminocyclopropanecarboxylic Acid,21.826235863548497,-1.33897884406254,2.012884487617018,Low,0.03654206260056652,0.64,3.2,
CCCCc1oc2ccccc2c1C(=O)c1cc(I)c(OCC[NH+](CC)CC)c(I)c1,Amiodarone,21.781465315120265,-1.338087092906662,2.187781226148778,Low,0.03500057909241848,21.0,25.0,0.0001
C[NH+](C)CCC=C1c2ccccc2CCc2ccccc21,Amitriptyline,21.129404135726,-1.3248872498107125,3.318596691661551,Medium,0.025033935886375234,11.0,71.0,0.11
CCOC(=O)C1=C(COCC[NH3+])[NH2+]C(C)=C(C(=O)OC)C1c1ccccc1Cl,Amlodipine,21.81258649862526,-1.3387071665176349,2.4653056835095253,Low,0.03255456793337311,32.0,122.0,0.06
CC1(C)S[C@@H]2C(NC(=O)C([NH3+])c3ccc([O-])cc3)C(=O)[NH+]2C1C(=O)[O-],Amoxicillin,21.834535555837753,-1.3391439584427471,2.116853271769667,Low,0.03562571523194816,0.5,17.0,0.82
CC1(C)S[C@@H]2C(NC(=O)C([NH3+])c3ccccc3)C(=O)[NH+]2C1C(=O)[O-],Ampicillin,21.837427539426418,-1.3392014769249554,2.1115458308755333,Low,0.03567249330612758,1.1,19.0,0.6
COc1cc(NS(C)(=O)=O)ccc1Nc1c2ccccc2nc2ccccc12,Amsacrine,21.91749076176241,-1.3407908321709876,1.9874171176697073,Low,0.03676652379463593,4.5,83.0,0.1
CNC(=O)c1cccc2c(Nc3ccc(NS(C)(=O)=O)cc3OC)c3cccc(C)c3nc12,Amsalog,21.525765671783585,-1.3329586082611857,2.9620205503184005,Low,0.028176683120508004,2.0,66.0,0.011
Cc1cc(=O)n(-c2ccccc2)n1C,Antipyrine,21.855394413672336,-1.3395586483976625,2.072209322986132,Low,0.03601919261389447,0.81,9.1,1.0
C[C@@H](O[C@H]1OCC[NH+](Cc2nc(=O)[n-][n-]2)[C@H]1c1ccc(F)cc1)c1cc(C(F)(F)F)cc(C(F)(F)F)c1,Aprepitant,21.97232337770938,-1.3418759821261863,1.8914726796738528,Low,0.03761214716137633,3.2,18.0,0.002
C[C@H]1[C@H](OC(=O)CCC(=O)[O-])O[C@@H]2O[C@@]3(C)CC[C@H]4[C@H](C)CC[C@@H]1[C@@]24OO3,Artesute,22.026776899330642,-1.3429509530181127,1.9088525973308084,Low,0.03745896616631562,4.0,212.0,0.22
CC(C)[NH2+]CC(O)COc1ccc(CC(N)=O)cc1,Atenolol,21.9985982248703,-1.3423950079767764,1.7095985617155134,Low,0.03921512704393623,5.4,69.0,0.87
C[NH2+]CC[C@@H](Oc1ccccc1C)c1ccccc1,Atomoxetine,21.646983837184084,-1.335397392877823,2.437915838134045,Low,0.03279597320651582,4.3,36.0,0.11
C[NH+]1[C@@H]2CC[C@H]1CC(OC(=O)C(CO)c1ccccc1)C2,Atropine,21.958087437021362,-1.3415945101077251,1.8360336340744692,Low,0.03810076904887595,23.0,53.0,0.77
C[NH+]1CCCC(n2nc(Cc3ccc(Cl)cc3)c3ccccc3c2=O)CC1,Azelastine,20.245689879153787,-1.30633258009702,5.306911745378114,High,0.007509567564606965,1.8,58.0,0.1
C[C@H]1C(=NC(=O)C(NOC(C)(C)C(=O)[O-])c2csc(N)n2)C(=O)N1S(=O)(=O)[O-],Aztreom,21.883837003159787,-1.3401234713726635,2.0035356086793024,Low,0.03662446060765997,0.41,15.0,0.15
C[C@H]1C[C@H]2[C@@H]3CC=C4CC(=O)C=C[C@]4(C)[C@@]3(F)[C@@H](O)C[C@]2(C)[C@@]1(O)C(=O)CO,Betamethasone,22.01479846754789,-1.342714714104766,1.8009427460778502,Low,0.03841004883068981,0.68,5.0,0.12
O=C([O-])CCNC(=O)c1ccccc1,Betamipron,21.64037540604589,-1.3352647904160502,2.6913160905933413,Low,0.030562585017543827,0.23,17.0,0.14
CC(C)[NH2+]CC(O)COc1ccc(CCOCC2CC2)cc1,Betaxolol,21.29500255879996,-1.3282776965944418,3.222036591487609,Medium,0.025884985501209684,12.0,154.0,0.54
COc1ccc(CC[NH2+]CC(O)COc2cccc(C)c2)cc1OC,Bevantolol,21.97428301968098,-1.3419147137491763,1.4244005401871973,Low,0.041728770525415536,,,0.06
C[C@@H](O)C1C(=O)[NH+]2C(C(=O)[O-])=C(SC3Cn4cnc[n+]4C3)[C@H](C)[C@H]12,Biapenem,21.82014076044604,-1.3388575478695461,2.0581823885845685,Low,0.036142821494749545,0.19,13.0,0.96
CC(C)(C)[C@]1(O)C[C@@H]2OC(=O)C[C@@]23C(=O)O[C@@H]2OC(=O)C(O)[C@]213,Bilobalide,21.841485470317767,-1.3392821720191184,2.0372302700556206,Low,0.03632748671746478,10.0,140.0,
OC(CC[NH+]1CCCCC1)(c1ccccc1)C1CC2C=CC1C2,Biperiden,21.653401635162627,-1.3355261314208202,2.4960997413454935,Low,0.03228315902831521,12.0,68.0,0.31
CC(C)[NH2+]CC(O)COc1ccc(COCCOC(C)C)cc1,Bisoprolol,21.29710293759317,-1.3283205300214305,3.2175289651231913,Medium,0.02592471426779489,1.4,13.0,0.85
Cc1nnc2n1-c1sc(Br)cc1C(c1ccccc1Cl)=NC2,Brotizolam,21.613770572799094,-1.3347305371801272,2.7447720594004315,Low,0.030091441330017357,3.0,23.0,0.22
CCCC1O[C@@H]2C[C@H]3[C@@H]4CC=C5CC(=O)C=C[C@]5(C)[C@H]4[C@@H](O)C[C@]3(C)[C@]2(C(=O)CO)O1,Budesonide,22.138937960931493,-1.345156783264927,1.6246342885188998,Low,0.039963974775539764,29.2,72.0,0.039
CCCC[NH+]1CCCCC1C(=O)Nc1c(C)cccc1C,Bupivacaine,21.77674336778373,-1.3379929331263525,2.285663606468016,Low,0.03413787532637324,2.4,76.0,0.23
CO[C@]12CC[C@@]3(C[C@@H]1[C@](C)(O)C(C)(C)C)[C@H]1Cc4ccc([O-])c5c4[C@@]3(CC[NH+]1CC1CC1)[C@H]2O5,Buprenorphine,21.6508311668594,-1.3354745734030895,2.4992013193303606,Low,0.03225582271917049,8.37,0.05,
CS(=O)(=O)OCCCCOS(C)(=O)=O,Busulphan,21.77525773857249,-1.3379633041516805,2.1929412981893353,Low,0.03495509987983768,0.68,5.0,0.91
[O-]c1ccc2c(c1)[C@]13CCCC[C@@]1(O)[C@H](C2)[NH+](CC1CCC1)CC3,Butorphanol,21.649366285026645,-1.3354451883132152,2.5035569156342543,Low,0.03221743389656027,4.8,91.2,0.34
Cn1c(=O)c2c(ncn2C)n(C)c1=O,Caffeine,21.862757691413375,-1.3397049414483937,1.9611851622495515,Low,0.03699772379874179,0.92,12.5,0.96
COCCOCC(CC1(C(=O)NC2CCC(C(=O)[O-])CC2)CCCC1)C(=O)[O-],Candoxatrilat,21.356459309148786,-1.329529252571887,3.2666817312673686,Medium,0.02549149762220634,,15.0,0.23
CC(CS)C(=O)[NH+]1CCCC1C(=O)[O-],Captopril,21.66505449122945,-1.3357597856949033,2.5371213869594604,Low,0.03192160745953315,1.7,13.0,
NC(=O)OC[C@@H]1C(=NC(=O)C(NOCC(=O)[O-])c2csc(N)n2)C(=O)N1S(=O)(=O)[O-],Carumom,22.067956861164912,-1.3437621263199444,1.7551921733142144,Low,0.03881327963988334,0.1,22.0,0.7
Cn1nnnc1SCC1=C(C(=O)[O-])[NH+]2C(=O)C(NC(=O)C(O)c3ccccc3)[C@H]2SC1,Cefamandole,22.063139640032237,-1.3436673136943718,1.828883442469296,Low,0.038163788534156244,0.25,21.8,
Cc1nnc(SCC2=C(C(=O)[O-])[NH+]3C(=O)C(NC(=O)Cn4cnnn4)[C@H]3SC2)s1,Cefazolin,22.062793743624965,-1.343660504959033,1.7757849106241201,Low,0.038631781887453386,0.17,5.4,0.08
CON=C(C(=O)NC1C(=O)[NH+]2C(C(=O)[O-])=C(C[N+]3(C)CCCC3)CS[C@H]12)c1csc(N)n1,Cefepime,22.027888776370467,-1.34297287496693,1.824883512873379,Low,0.03819904262498504,0.38,11.0,0.9
C=CC1=C(C(=O)[O-])[NH+]2C(=O)C(=NC(=O)C(NOCC(=O)[O-])c3csc(N)n3)[C@H]2SC1,Cefixime,21.457343001264583,-1.331575943569844,2.7927192328050374,Low,0.029668850390437925,0.4,6.0,0.4
CON=C(C(=O)NC1C(=O)[NH+]2C(C(=O)[O-])=C(CSc3nnnn3C)CS[C@H]12)c1csc(N)n1,Cefmenoxime,22.116525063829947,-1.3447168918842216,1.7336888027964559,Low,0.03900280342003492,0.28,7.46,
CO[C@@]1(NC(=O)CSCC#N)C(=O)[NH+]2C(C(=O)[O-])=C(CSc3nnnn3C)CS[C@@H]21,Cefmetazole,22.23169166229725,-1.3469725104564567,1.4506838636308452,Low,0.04149711778009949,0.35,25.3,0.55
CON=C(C(=O)NC1C(=O)[NH+]2C(C(=O)[O-])=C(CSc3nc(C)c(CC(=O)[O-])s3)CS[C@H]12)c1csc(N)n1,Cefodizime,22.02745293481515,-1.3429642819757008,1.7705269218855544,Low,0.03867812410626529,0.18,1.1,0.0097
CC[NH+]1CC[NH+](C(=O)NC(C(=O)NC2C(=O)[NH+]3C(C(=O)[O-])=C(CSc4nnnn4C)CS[C@H]23)c2ccc([O-])cc2)C(=O)C1=O,Cefoperazone,22.068486016431784,-1.3437725399009899,1.8527602024814491,Low,0.037953346463619524,0.39,23.0,0.36
[NH3+]Cc1ccccc1CC(=O)NC1C(=O)[NH+]2C(C(=O)[O-])=C(CSc3nnnn3CC(=O)[O-])CS[C@H]12,Ceforanide,22.16664661719583,-1.345699997769375,1.540107495611505,Low,0.04070896669681411,0.5,5.4,
CON=C(C(=O)NC1C(=O)[NH+]2C(C(=O)[O-])=C(C[n+]3ccc(N)n3CCO)CS[C@H]12)c1csc(N)n1,Cefoselis,22.158978999471092,-1.3455497458979537,1.5176460730788321,Low,0.04090693443877617,0.2,9.6,
CON=C(C(=O)NC1C(=O)[NH+]2C(C(=O)[O-])=C(COC(C)=O)CS[C@H]12)c1csc(N)n1,Cefotaxime,22.045532414189886,-1.343320591787999,1.8029065597743863,Low,0.0383927404094368,,,0.59
CO[C@@]1(NC(O)=c2sc(=C(C(N)=O)C(=O)[O-])s2)C(=O)[NH+]2C(C(=O)[O-])=C(CSc3nnnn3C)CS[C@@H]21,Cefotetan,22.117599613503938,-1.344737991928472,1.7309201545025081,Low,0.039027205394141534,0.25,12.78,0.7
CON=C(C(=O)NC1C(=O)[NH+]2C(C(=O)[O-])=C(Cn3cc[n+]4ncccc34)CS[C@H]12)c1nsc(N)n1,Cefozopran,22.072419451876925,-1.3438499406382491,1.7566602624695402,Low,0.03880034037503242,0.2,9.4,0.93
Cc1cc(=O)c(C(=O)NC(C(=O)NC2C(=O)[NH+]3C(C(=O)[O-])=C(CSc4nnnn4C)CS[C@H]23)c2ccc([O-])cc2)c[n-]1,Cefpiramide,21.685031453285376,-1.3361600564123053,2.7823017572460014,Low,0.029760666663889324,0.26,9.5,0.54
CON=C(C(=O)NC1C(=O)[NH+]2C(C(=O)[O-])=C(C[n+]3cccc4c3CCC4)CS[C@H]12)c1csc(N)n1,Cefpirome,22.03050703394625,-1.3430244925893056,1.8207483144785999,Low,0.0382354889314284,0.3,9.5,
CC(C)(ON=C(C(=O)NC1C(=O)[NH+]2C(C(=O)[O-])=C(C[n+]3ccccc3)CS[C@H]12)c1csc(N)n1)C(=O)[O-],Ceftazidime,22.046077035027903,-1.3433313206240585,1.800890877368029,Low,0.03841050598478799,0.3,8.7,
CON=C(C(=O)NC1C(=O)[NH+]2C(C(=O)[O-])=CCS[C@H]12)c1csc(N)n1,Ceftizoxime,21.861683661436494,-1.3396836057707717,2.071534762251045,Low,0.03602513797489496,0.54,19.33,0.7
CON=C(C(=O)NC1C(=O)[NH+]2C(C(=O)[O-])=C(CSc3nc(=O)c(=O)[n-]n3C)CS[C@H]12)c1csc(N)n1,Ceftriaxone,22.063141497184564,-1.3436673502508631,1.763297661739565,Low,0.03874184047619137,1.0,20.0,0.071
CC(C)C[C@H](NC(=O)C(NC(=O)c1cccc(-c2ccccc2)n1)[C@@H](C)O)B(O)O,CEP-18770,21.761502819607028,-1.3376888838444323,2.6685178456257894,Low,0.030763521403935148,18.1,3.17,
CC1=C(C(=O)[O-])[NH+]2C(=O)C(NC(=O)C([NH3+])c3ccccc3)[C@H]2SC1,Cephalexin,21.82253501030969,-1.3389051989123275,2.111117308993811,Low,0.035676270159939155,0.85,24.2,
CC1=C(C(=O)[O-])[NH+]2C(=O)C(NC(=O)C([NH3+])C3=CCC=CC3)[C@H]2SC1,Cephradine,21.814501665200858,-1.338745296326946,2.1052776591606426,Low,0.035727738952249156,1.1,21.7,
COCc1c(-c2ccc(F)cc2)c(=CC[C@@H](O)C[C@@H](O)CC(=O)[O-])c(C(C)C)nc1=C(C)C,Cerivastatin,21.604572690495697,-1.3345456809691645,2.614335086698439,Low,0.031241070785436646,3.0,27.0,
C/[NH+]=C1/C[NH+](O)C(c2ccccc2)=c2cc(Cl)ccc2=N1,Chlordiazepoxide,20.03455041722278,-1.3017796011480525,5.349156854408776,High,0.0071372327834248895,1.3,7.8,0.15
CCC#CC[C@H](C)[C@H](O)C#C[C@@H]1[C@H]2C/C(=C/COCC(=O)[O-])C[C@H]2C[C@H]1O,Cicaprost,21.52133057773117,-1.3328691185139872,2.5631726121216953,Low,0.03169200035369599,1.0,49.0,
Nc1ccn(C[C@@H](CO)OCP(=O)([O-])[O-])c(=O)n1,Cidofovir,21.711872254447318,-1.3366972750765393,2.4741149526714423,Low,0.0324769258730012,2.0,0.7,1.0
O=C([O-])c1cn(C2CC2)c2cc(N3CC[NH2+]CC3)c(F)cc2c1=O,Ciprofloxacin,21.813843011383177,-1.3387321833050954,2.2014896576357312,Low,0.0348797573936429,4.6,27.0,0.79
C[NH+](C)CCCC1(c2ccc(F)cc2)OCc2cc(C#N)ccc21,Citalopram,21.62878239769244,-1.3350320713185408,2.57091408291544,Low,0.03162376952413595,21.0,82.0,0.26
Nc1nc(Cl)nc2c1ncn2[C@H]1C[C@H](O)[C@@H](CO)O1,Cladribine,21.70584725832852,-1.3365767426020547,2.559967619914314,Low,0.03172024812248171,4.5,25.3,
COc1ccccc1Oc1c(NS(=O)(=O)c2ccc(C)cn2)nc(-c2ccnc(-c3nn[n-]n3)c2)nc1OCCO,Clazosentan,21.774478424593966,-1.3379477609227015,2.3314374243895117,Low,0.03373443964184706,0.32,11.7,
CCCC(=O)OCOC(=O)C1=C(C)[NH2+]C(C)=C(C(=O)OC)C1c1cccc(Cl)c1Cl,Clevidipine,22.196153118654717,-1.346277712103448,1.856388898574595,Low,0.03792136430528642,0.44,324.0,
CCC[C@@H]1CC(C(=O)N[C@@H]([C@H]2O[C@H](SC)[C@H](O)[C@@H](O)[C@H]2O)[C@H](C)Cl)[NH+](C)C1,Clindamycin,21.999485873683376,-1.342412531511691,1.885254877437178,Low,0.0376669488671441,1.4,40.0,0.325
C[NH+]1CC[NH+](C2=Nc3cc(Cl)ccc3Nc3ccccc32)CC1,Clozapine,17.88656206392867,-1.2525268738180055,1.1346001471679301e-08,Low,0.05428297789736905,8.68,77.5,
O=C1CN=C(c2ccccc2Cl)c2cc([N+](=O)[O-])ccc2N1,Clozepam,18.1412616769127,-1.2586674878104502,0.372257905349908,Low,0.05100201674736602,3.1,70.5,
COC(=O)C1[C@@H](OC(=O)c2ccccc2)C[C@@H]2CC[C@H]1[NH+]2C,Cocaine,21.849091780690934,-1.3394333890029135,2.026284120594317,Low,0.036423962552371555,16.4,253.0,0.78
COc1ccc2c3c1O[C@H]1[C@@H](O)C=C[C@H]4[C@@H](C2)[NH+](C)CC[C@@]341,Codeine,21.90044613438482,-1.3404529619509868,1.5772009477433613,Low,0.04038203695986449,5.1,103.3,0.92
COc1cc2c(c(OC)c1OC)-c1ccc(OC)c(=O)cc1[C@@H](NC(C)=O)CC2,Colchicine,22.162388976165644,-1.345616572989825,0.9625835673499166,Low,0.0457990765436278,31.4,34.3,0.72
O=P1([NH+](CCCl)CCCl)[NH2+]CCCO1,Cyclophosphamide,22.086615913976257,-1.3441291788649727,1.467429856907099,Low,0.04134952399030326,0.67,11.1,
C[C@H]([NH3+])Cc1ccccc1,d-Amphetamine,21.64580737879782,-1.335373789438492,2.441595171851526,Low,0.0327635447444754,6.6,90.0,0.59
Nc1ccc(S(=O)(=O)c2ccc(N)cc2)cc1,Dapsone,21.88041094635688,-1.3400554744282651,2.0885126142523585,Low,0.035875500656992375,1.6,5.2,
NC(=O)C(c1ccccc1)(c1ccccc1)[C@@H]1CC[NH+](CCc2ccc3c(c2)CCO3)C1,Darifecin,21.989450247708493,-1.342214371817766,1.7421508779648318,Low,0.038928221415669005,7.0,59.0,0.03
Nc1ncn([C@H]2C[C@H](O)[C@@H](CO)O2)c(=O)n1,Decitabine,22.026988976740565,-1.342955134456273,1.6734237547379829,Low,0.039533960138449176,1.8,7.9,1.0
O=C1C=CC=CC1=C1[NH2+]C(=C2C=CC=CC2=O)[NH+](c2ccc(C(=O)[O-])cc2)[NH2+]1,Deferasirox,21.8518759269309,-1.3394887259628891,2.0392294457105984,Low,0.03630986662730238,0.46,6.2,0.8
C[NH2+]CCCN1c2ccccc2CCc2ccccc21,Desipramine,21.67003885652313,-1.3358596900534798,2.4207895968732602,Low,0.03294691837954584,19.8,9.8,
O=C1CN=C(c2ccccc2)c2cc(Cl)ccc2N1,Desmethyldiazepam,17.990273172652678,-1.2550377579244807,0.08383682123135006,Low,0.05354406726416396,3.03,59.2,0.212
C[C@@H]1C[C@H]2[C@@H]3CC=C4CC(=O)C=C[C@]4(C)[C@@]3(F)[C@@H](O)C[C@]2(C)[C@@]1(O)C(=O)CO,Dexamethasone,22.01479846754789,-1.342714714104766,1.8009427460778502,Low,0.03841004883068981,1.1,3.2,0.08
CCCCC[NH+](CCCOC)C(=O)C(CCC(=O)[O-])NC(=O)c1ccc(Cl)c(Cl)c1,Dexloxiglumide,21.477569602790748,-1.331985135136685,3.4579084431044302,Medium,0.023806086990259767,0.98,6.01,0.0093
Cc1cccc([C@H](C)c2cnc[n-]2)c1C,Dexmedetomidine,21.58900845537215,-1.334232696421811,2.5197869927563197,Low,0.03207438722553792,3.24,59.4,
CN1C(=O)CN=C(c2ccccc2)c2cc(Cl)ccc21,Diazepam,20.223913613870035,-1.3058652015241816,5.508465707031073,High,0.005733135879841625,11.6,52.2,0.1
O=C([O-])Cc1ccccc1Nc1c(Cl)cccc1Cl,Diclofec,22.068086810305243,-1.3437646836943657,1.986617562957143,Low,0.03677357081228547,1.39,16.8,0.0056
O=c1nc[n-]c2c1ncn2[C@H]1CC[C@@H](CO)O1,Didanosine,22.02773090293747,-1.3429697623760148,1.6707807663801097,Low,0.039557254586362216,1.3,150.5,
CC[C@@]1(O)CC(=O)OCc2c1cc1n(c2=O)Cc2cc3cc(F)c(F)cc3nc2-1,Diflomotecan,21.948694506731385,-1.341408693808945,1.9083896458916523,Low,0.037463046471154476,2.0,23.0,
O=C([O-])c1cc(-c2ccc(F)cc2F)ccc1[O-],Diflunisal,21.867327922877116,-1.3397957176856257,2.150251032892842,Low,0.035331358124933876,0.15,1.52,0.014
Cn1c(=O)c2c(ncn2CC(O)CO)n(C)c1=O,Diprophylline,21.99655786709574,-1.3423547255365285,1.7594980791610142,Low,0.03877532877295351,1.04,24.7,
CC(C)[NH+](CCC(C(N)=O)(c1ccccc1)c1ccccn1)C(C)C,Disopyramide,22.013702389312243,-1.342693090805298,1.7216136981169397,Low,0.039109229502527335,,34.0,
C[NH+](CCOc1ccc(NS(C)(=O)=O)cc1)CCc1ccc(NS(C)(=O)=O)cc1,Dofetilide,21.82532858884891,-1.3389607908999284,2.4229452020411486,Low,0.032927919570052464,2.28,66.5,0.47
O=C(OC1CC2CC3C[C@@H](C1)[NH+]2CC3=O)c1c[nH]c2ccccc12,Dolasetron,21.835275264883716,-1.3391586711951438,2.069278115657232,Low,0.03604502733096463,26.0,72.0,
C[C@@H](O)C1C(=O)[NH+]2C(C(=O)[O-])=C(S[C@@H]3C[NH2+][C@H](CNS(N)(=O)=O)C3)[C@H](C)[C@H]12,Doripenem,21.99403820524052,-1.3423049751198994,1.8690868093298911,Low,0.0378094490106872,0.27,35.7,0.65
COc1cc2nc(N3CC[NH+](C(=O)C4COc5ccccc5O4)CC3)nc(N)c2cc1OC,Doxazosin,21.490026214318323,-1.3322369452600265,2.4528846227147425,Low,0.0326640431616112,3.0,30.0,0.03
COc1cccc2c1C(=O)c1c([O-])c3c(c([O-])c1C2=O)C[C@@](O)(C(=O)CO)C[C@@H]3O[C@H]1C[C@H]([NH3+])[C@H](O)[C@H](C)O1,Doxorubicin,22.02578893123185,-1.3429314731496609,1.6754961188889814,Low,0.039515694988461476,5.5,32.4,
CCn1cc(C(=O)[O-])c(=O)c2cc(F)c(N3CC[NH2+]CC3)nc21,Enoxacin,21.981295050514333,-1.3420532757455095,1.8944260083538018,Low,0.0375861174738447,1.8,42.7,0.65
CCCn1c(=O)[n-]c(=O)c2[n-]cnc21,Enprofylline,22.094510656921006,-1.3442843873713897,1.7788204775273657,Low,0.03860502737871574,0.27,12.0,0.19
CC[NH+](CC)C(=O)/C(C#N)=C/c1cc([O-])c([O-])c([N+](=O)[O-])c1,Entacapone,21.549500054025376,-1.3334371990305494,2.727786986191834,Low,0.03024114229331454,0.24,10.8,
COc1cccc2c1C(=O)c1c([O-])c3c(c([O-])c1C2=O)C[C@@](O)(C(=O)CO)C[C@@H]3O[C@H]1C[C@H]([NH3+])[C@@H](O)[C@H](C)O1,Epirubicin,22.02578893123185,-1.3429314731496609,1.6754961188889814,Low,0.039515694988461476,0.17,25.9,
CCC#CC[C@H](C)[C@H](O)C#C[C@@H]1[C@H]2C/C(=C/COCCCC(=O)[O-])C[C@H]2C[C@H]1O,Eptaloprost,21.223915220403395,-1.326825502174776,3.1231847293217285,Medium,0.026756233967919974,1.5,170.0,
C[C@@H](O)C1C(=O)[NH+]2C(C(=O)[O-])=C(S[C@@H]3C[NH2+]C(C(=O)Nc4cccc(C(=O)[O-])c4)C3)[C@H](C)[C@H]12,Ertapenem,21.853655400306298,-1.3395240906155812,2.063900941389207,Low,0.03609242001263601,0.34,10.0,
COC(=O)CCc1ccc(OCC(O)C[NH2+]C(C)C)cc1,Esmolol,21.997580780534744,-1.342374921211487,1.712511091006334,Low,0.03918945694907633,,,0.71
C[C@]12CC[C@@H]3c4ccc([O-])cc4CC[C@H]3[C@@H]1CC[C@@H]2O,Estradiol,21.5827300419629,-1.3341063785845928,2.594679937785654,Low,0.03141430493579074,5.9,69.0,0.053
C#C[C@]1(O)CC[C@H]2[C@@H]3CCc4cc([O-])ccc4[C@H]3CC[C@@]21C,Ethinylestradiol,21.621030090035767,-1.3348763811881237,2.54169541392959,Low,0.03188129345940102,5.7,55.0,0.0088
CCOC(=O)c1cncn1C(C)c1ccccc1,Etomidate,21.991443613642566,-1.3422537392680458,1.7265427905846633,Low,0.0390657860694884,4.03,93.0,0.191
COc1cc([C@@H]2c3cc4c(cc3[C@@H](O[C@@H]3O[C@@H]5CO[C@@H](C)O[C@H]5[C@H](O)[C@H]3O)[C@H]3COC(=O)C23)OCO4)cc(OC)c1[O-],Etoposide,21.899732992607493,-1.3404388198381048,2.0680369131741463,Low,0.03605596688978094,0.58,23.0,0.43
NC(N)=[NH+]c1nc(CSCCC(N)=[NH+]S(N)(=O)=O)cs1,Famotidine,22.149448958061186,-1.345362926159532,1.442662004732436,Low,0.04156781986008335,0.8,22.0,0.47
CCOC(=O)C1=C(C)[NH2+]C(C)=C(C(=O)OC)C1c1cccc(Cl)c1Cl,Felodipine,22.071692803165472,-1.3438356429432872,2.0353545764328413,Low,0.036344018476776735,15.0,61.0,0.005
CC(Cc1ccc([O-])cc1)[NH2+]CC(O)c1cc([O-])cc([O-])c1,Fenoterol,20.113991282979665,-1.3034982575774061,5.990770941886028,High,0.0014822529207670452,1.1,64.0,0.95
CCC(=O)[NH+](c1ccccc1)C1CC[NH+](CCc2ccccc2)CC1,Fentanyl,22.087324415755475,-1.3441431100837349,1.5015546951184842,Low,0.041048758660070885,3.8,58.0,0.17
O=C(NCC1CCCC[NH2+]1)c1cc(OCC(F)(F)F)ccc1OCC(F)(F)F,Flecainide,21.983983772115053,-1.3421063947970562,1.6017639998833517,Low,0.040165546131610996,6.9,34.0,0.41
C[NH+]1CCN(c2c(F)cc3c(=O)c(C(=O)[O-])cn(CCF)c3c2F)CC1,Fleroxacin,21.983862512314058,-1.3421039992982133,1.8877160241903526,Low,0.03764525711255222,1.3,5.8,0.49
OC(Cn1cncn1)(Cn1cncn1)c1ccc(F)cc1F,Flucozole,21.676691574798067,-1.3359929983251948,2.637454355809877,Low,0.031037304995663234,0.97,4.2,0.9
CCOC(=O)c1ncn2c1C[NH+](C)C(=O)c1cc(F)ccc1-2,Flumazenil,22.381856176638024,-1.3498961006839958,0.7382174515166378,Low,0.047776567206104764,1.3,147.0,
CN1C(=O)CN=C(c2ccccc2F)c2cc([N+](=O)[O-])ccc21,Flunitrazepam,21.772570718228348,-1.3379097098324662,2.1685430709309528,Low,0.03517013799468517,3.8,80.0,0.15
NS(=O)(=O)c1cc(C(=O)[O-])c(NCc2ccco2)cc1Cl,Furosemide,22.067732162333954,-1.3437577042540592,2.0464430158833165,Low,0.03624628854374599,0.12,7.0,0.1
[NH3+]CC1(CC(=O)[O-])CCCCC1,Gabapentin,21.995871399216636,-1.3423411718766423,1.7778732211386683,Low,0.038613376191354694,1.1,9.1,0.02
COc1ccc2c3c1O[C@H]1C[C@@H](O)C=C[C@@]31CC[NH+](C)C2,Galanthamine,21.961537965122517,-1.3416627504582903,1.3221437350284098,Low,0.042630029062718414,5.2,31.7,0.75
C[C@H]1[NH2+]Cc2cc(-c3ccc4c(=O)c(C(=O)[O-])cn(C5CC5)c4c3OC(F)F)ccc21,Garenoxacin,21.94894496420986,-1.3414136495333149,1.9771540969284895,Low,0.03685697875308271,0.9,12.1,0.13
COc1c(N2CC[NH2+]C(C)C2)c(F)cc2c(=O)c(C(=O)[O-])cn(C3CC3)c12,Gatifloxacin,21.815319022362402,-1.3387615683949696,2.1969777573965183,Low,0.034919523828783675,2.5,19.3,0.75
O=C(/C=C/c1c(C(=O)[O-])[n-]c2cc(Cl)cc(Cl)c12)Nc1ccccc1,Gavestinel,19.815146801922356,-1.2969972941836398,4.910677505773453,Medium,0.011001848500441851,0.3,1.2,0.03
Nc1ccn([C@@H]2O[C@H](CO)[C@@H](O)C2(F)F)c(=O)n1,Gemcitabine,21.479619814708226,-1.332026590163666,2.795217232664191,Low,0.029646833824442664,1.0,5.0,0.93
C[NH2+]C(C)C1CCC([NH3+])C(OC2C([NH3+])CC([NH3+])C(OC3OCC(C)(O)C([NH2+]C)C3O)C2O)O1,Gentamicin,21.560642479799395,-1.333661698132246,2.565305351949588,Low,0.03167320307194296,0.33,7.8,
CC1C(=O)O[C@H]2C[C@@]34[C@H]5C[C@@H](C(C)(C)C)[C@@]36C(O)C(=O)O[C@H]6O[C@@]4(C(=O)O5)[C@@]12O,Ginkgolide A,22.023674154696334,-1.3428897729464713,1.7734162910946738,Low,0.038652658136904175,4.3,65.0,
CC1C(=O)O[C@H]2[C@H](O)[C@@]34[C@H]5C[C@@H](C(C)(C)C)[C@@]36C(O)C(=O)O[C@H]6O[C@@]4(C(=O)O5)[C@@]12O,Ginkgolide B,22.028869829649288,-1.3429922166542896,1.7850748719873286,Low,0.038549903160880576,3.5,60.0,
Cc1cnc(C(=O)NCCc2ccc(S(=O)(=O)[N-]C(=O)[NH2+]C3CCCCC3)cc2)cn1,Glipizide,21.641614832773485,-1.3352896634029758,2.795344566689903,Low,0.029645711543362357,0.3,1.0,
Cn1nc(C(=O)NC2CC3CCC[C@H](C2)[NH+]3C)c2ccccc21,Granisetron,21.441325236716768,-1.331251624547154,2.9467991263901867,Low,0.028310839847230557,16.7,824.0,
O=C(CCC[NH+]1CCC(O)(c2ccc(Cl)cc2)CC1)c1ccc(F)cc1,Haloperidol,20.270226527561793,-1.3068586021276594,5.575901638403373,High,0.00513877730609311,10.4,86.2,0.24
CN1C(=O)[N-]C(=O)C(C)(C2=CCCCC2)C1=O,Hexobarbital,21.843365620226557,-1.339319555171889,2.0205875770818844,Low,0.036474170051674165,2.5,40.6,
NNc1nncc2ccccc12,Hydralazine,21.61342385970583,-1.3347235704738587,2.545000611359881,Low,0.031852162514063,2.76,139.0,
CC[NH+](CCO)CCCC(C)[NH2+]c1ccnc2cc(Cl)ccc12,Hydroxychloroquine,20.131438627190292,-1.3038748114274286,5.879516539526036,High,0.0024628133811077763,14.6,28.2,0.62
CC(C)Cc1ccc(C(C)C(=O)[O-])cc1,Ibuprofen,21.986382102338787,-1.3421537713226896,1.8184433578493284,Low,0.03825580407658688,0.55,4.8,0.055
CC(=O)[C@]1(O)Cc2c([O-])c3c(c([O-])c2[C@@H](O[C@H]2C[C@H]([NH3+])[C@H](O)[C@H](C)O2)C1)C(=O)c1ccccc1C3=O,Idarubicin,21.279584193465965,-1.3279631375211514,2.7582141102032534,Low,0.029972967424773695,36.5,78.5,
c1ccc2c(c1)OCC(C1=[NH+]CCN1)O2,Idazoxan,21.27679085570335,-1.3279061246211223,2.9821169150146645,Low,0.02799956023638176,3.1,71.2,
CCCCCNC(=O)c1coc([C@H]2[C@@H](Cc3ccccc3CCC(=O)[O-])[C@@H]3CC[C@H]2O3)n1,Ifetroban,21.755703385415547,-1.33757312906594,2.5465984095515886,Low,0.031838080035552864,2.8,87.5,
CC#CCC(C)[C@H](O)/C=C/[C@@H]1[C@H]2C/C(=C/CCCC(=O)[O-])C[C@H]2C[C@H]1O,Iloprost,21.554878404564086,-1.3335455772536604,2.6313827283522553,Low,0.03109081836402055,0.79,32.4,
Cc1ccc(NC(=O)c2ccc(C[NH+]3CC[NH+](C)CC3)cc2)cc1Nc1nccc(-c2cccnc2)n1,Imatinib,21.818855873945367,-1.338831973536481,2.382843259155434,Low,0.03328136517528196,3.1,19.9,0.055
C[C@@H](O)C1C(=O)[NH+]2C(C(=O)[O-])=C(SCC/[NH+]=C/N)C[C@H]12,Imipenem,21.428528770828233,-1.3309923544928481,2.8949062589482253,Low,0.02876820686289832,0.24,14.5,1.0
C[NH+](C)CCCN1c2ccccc2CCc2ccccc21,Imipramine,21.672569962940422,-1.3359104136061837,2.413428051560839,Low,0.033011800668311456,19.9,92.52,0.106
CC(C)(C)NC(=O)C1C[NH+](Cc2cccnc2)CC[NH+]1C[C@@H](O)CC(Cc1ccccc1)C(=O)N[C@H]1c2ccccc2C[C@H]1O,Indivir,22.086127637980255,-1.34411957766959,1.6657109753421628,Low,0.039601938091271216,2.2,89.0,0.065
NC(N)=[NH+]CCCNC(=O)C1CCCC[NH+]1C(=O)C(CC1CCCCC1)[NH2+]CC(=O)[O-],Inogatran,21.72862754648457,-1.3370322956802918,2.2947891127313045,Low,0.03405744605406976,0.77,83.0,0.76
COc1cccc2c1C(=O)c1c([O-])c3c(c([O-])c1C2=O)C[C@@](O)(C(=O)CO)C[C@@H]3O[C@H]1C[C@H]([NH3+])[C@H](I)[C@H](C)O1,Iododoxorubicin,22.02578893123185,-1.3429314731496609,1.6754961188889814,Low,0.039515694988461476,14.0,36.6,
CC(C)[N+]1(C)C2CCC1CC(OC(=O)C(CO)c1ccccc1)C2,Ipratropium,21.958204969006676,-1.3415968346888714,1.8357057928219485,Low,0.03810365853605732,7.5,90.0,0.73
CCc1c2c(nc3ccc(OC(=O)[NH+]4CCC([NH+]5CCCCC5)CC4)cc13)-c1cc3c(c(=O)n1C2)COC(=O)[C@]3(O)CC,Irinotecan,22.0226498480983,-1.3428695737260616,1.7208191595930205,Low,0.039116232309106186,4.3,55.7,
O=[N+]([O-])O[C@H]1CO[C@H]2[C@@H]1OC[C@H]2O[N+](=O)[O-],Isosorbide Dinitrate,21.84354194101235,-1.3393230608054343,2.0377432909120436,Low,0.036322965116912645,2.6,122.0,
O=[N+]([O-])O[C@@H]1CO[C@H]2[C@@H]1OC[C@@H]2O,Isosorbide-5-Mononitrate,21.828679142677004,-1.3390274572665386,2.0048653002390813,Low,0.036612741134629596,,2.5,
[2H]C([2H])([2H])C([2H])([2H])C(C)n1ncn(-c2ccc(N3CCN(c4ccc(OC[C@H]5CO[C@](Cn6cncn6)(c6ccc(Cl)cc6Cl)O5)cc4)CC3)cc2)c1=O,Itracozole,20.48100523383169,-1.3113512685534174,5.762872007178596,High,0.003490880710657023,5.07,9.16,0.9
C[NH2+]C1(c2ccccc2Cl)CCCCC1=O,Ketamine,21.823819810211788,-1.338930767210541,2.2836255017890137,Low,0.0341558385244119,3.68,114.7,0.53
O=C(c1ccc(F)cc1)C1CC[NH+](CCn2c(=O)[n-]c3ccccc3c2=O)CC1,Ketanserin,22.015919868941737,-1.3427368358622958,1.796635751682641,Low,0.03844800929173463,0.67,3.8,0.01
CC(C(=O)[O-])c1cccc(C(=O)c2ccccc2)c1,Ketoprofen,21.822903118745398,-1.3389125246475808,2.0947137446975095,Low,0.035820845891024064,1.19,1.67,0.05
O=C(c1ccccc1)c1ccc2n1CCC2C(=O)[O-],Ketorolac,21.8847157065366,-1.3401409092820393,2.0242361564113853,Low,0.03644201264890148,,3.6,
CC(C)([NH3+])CC(=O)NC1CCc2ccccc2N(Cc2ccc(-c3ccccc3-c3nn[n-]n3)cc2)C1=O,L-692429,22.177323987588892,-1.3459091411126218,1.4830658535686148,Low,0.04121171335306941,0.15,2.7,0.02
[H]/[NH+]=C(\N)c1ccc(C(=O)NC(Cc2ccc([O-])cc2)C(=O)[NH+]2CCC(OCC(=O)[O-])CC2)cc1,Lamifiban,21.59126193239034,-1.3342780260423157,2.8154501530317324,Low,0.02946850738262297,0.24,9.5,
Nc1ccn([C@@H]2CS[C@H](CO)O2)c(=O)n1,Lamivudine,22.041207316671272,-1.3432353794995184,1.7042351696303522,Low,0.03926239825388796,,72.0,
C[C@@H]([NH3+])Cc1ccccc1,l-Amphetamine,21.64580737879782,-1.335373789438492,2.441595171851526,Low,0.0327635447444754,4.3,66.0,
[O-]c1ccc2c3c1O[C@H]1[C@@H](O)CC[C@@]4(O)[C@@H](C2)[NH+](CC2CCC2)CC[C@]314,lbuphine,21.649366285026645,-1.3354451883132152,2.5035569156342543,Low,0.03221743389656027,11.0,110.7,
N#Cc1ccc(C(c2ccc(C#N)cc2)n2cncn2)cc1,Letrozole,21.656361030289705,-1.3355854828878504,2.571898329021636,Low,0.03161509469604369,2.02,0.66,
C[C@@H]1C[NH+](C2CCC(C#N)(c3ccc(F)cc3)CC2)CC[C@]1(C(=O)[O-])c1ccccc1,Levocabastine,21.845595480102933,-1.3393638874616107,2.059711265197439,Low,0.03612934646883129,1.36,27.0,0.46
[NH3+]C(Cc1ccc([O-])c([O-])c1)C(=O)[O-],Levodopa,21.98518418117037,-1.3421301082787138,1.821782032131171,Low,0.03822637807706429,,109.0,
C#C[C@]1(O)CC[C@H]2[C@@H]3CC=C4CC(=O)CCC4[C@H]3CC[C@@]21CC,Levonorgestrel,22.02315536785575,-1.342879542640926,1.6683532746082816,Low,0.0395786497167909,0.74,1.3,
CC[NH+](CC)CC(=O)Nc1c(C)cccc1C,Lidocaine,22.11470771288163,-1.3446812037317812,1.458260729419192,Low,0.041430337726027375,2.52,46.7,0.43
CC(C)[NH+]1CCC([NH+](C(=O)Cc2ccccc2)c2ccc(Cl)cc2)CC1,Lorcainide,20.364067401312802,-1.3088645258024338,5.621243803775352,High,0.004739146068075866,15.7,103.0,0.26
C[NH+](c1nc2ccccc2s1)C1CC[NH+](C[C@H](O)COc2ccc(F)c(F)c2)CC1,Lubeluzole,20.015348810556347,-1.3013631630236797,5.799126517830707,High,0.003171345133633903,4.24,25.0,0.008
Cc1nnc(C(C)C)n1C1C[C@H]2CC[C@@H](C1)[NH+]2CC[C@H](NC(=O)C1CCC(F)(F)CC1)c1ccccc1,Maraviroc,21.979633419361154,-1.34202044489929,1.8003421060300342,Low,0.038415342678567214,2.53,74.0,0.49
COc1ccc(Cl)cc1[C@]1(F)C(=O)Nc2cc(C(F)(F)F)ccc21,Maxipost,20.376304141625145,-1.309125414388015,5.466160357443143,High,0.006106001601888172,6.3,43.0,
CC(C)Oc1ccccc1N1CC[NH+](Cc2cccc(C(=O)[NH+]3CCCCC3)c2)CC1,Mazapertine,21.966211237450782,-1.3417551556658913,1.7778771928757922,Low,0.03861334118574323,1.73,39.2,0.03
COC(=O)Nc1nc2ccc(C(=O)c3ccccc3)cc2[n-]1,Mebendazole,21.88383392275942,-1.3401234102407433,2.0860535606476365,Low,0.035897173963248125,2.6,9.8,
[H]/[NH+]=C(\N)c1ccc(CNC(=O)C2CC[NH+]2C(=O)C([NH2+]CC(=O)[O-])C2CCCCC2)cc1,Melagatran,21.983192151910924,-1.3420907560265767,1.8995234139132795,Low,0.037541190583439306,0.39,16.9,0.9
Cc1cnc(NC(=O)C2C(=O)c3ccccc3S(=O)(=O)[NH+]2C)s1,Meloxicam,21.877155110816897,-1.339990845997618,2.0428684990280925,Low,0.03627779318373059,0.26,0.25,0.004
C[C@@H]1O[C@@H](O[C@H]2[C@H](C)O[C@@H](O[C@H]3C[C@](O)(C(=O)CO)Cc4c([O-])c5c(c([O-])c43)C(=O)c3ccccc3C5=O)C[C@@H]2O)C[C@H]([NH3+])[C@@H]1O,MEN-10755,21.98748705852361,-1.3421755968469418,1.749901283782199,Low,0.03885991183568929,13.3,10.8,
CCOC(=O)C1(c2ccccc2)CC[NH+](C)CC1,Meperidine,21.990485821116945,-1.3422348240447213,1.7361160756273926,Low,0.03898141021928072,9.2,245.0,
CCC1(c2cccc([O-])c2)CCCC[NH+](C)C1,Meptazinol,21.641642931584947,-1.3352902272772957,2.4699324574777326,Low,0.03251378903819305,4.4,58.4,
C[C@@H](O)C1C(=O)[NH+]2C(C(=O)[O-])=C(S[C@@H]3C[NH2+]C(C(=O)[NH+](C)C)C3)[C@H](C)[C@H]12,Meropenem,21.81293889171128,-1.3387141827023732,2.110314045763656,Low,0.03568334986326799,0.14,26.4,0.5
COc1cc2nc(N3CC[NH+](C(=O)C(C)OC)CC3)nc(N)c2cc1OC,Metazosin,21.76806614347563,-1.3378198484015633,2.0602189929651336,Low,0.03612487151985797,5.9,44.2,
[H]/[NH+]=C(/N=C([NH3+])[NH3+])N(C)C,Metformin,21.604093398869082,-1.334536046156174,2.5398751994513624,Low,0.031897336243406224,0.54,16.8,
CCC(=O)C(CC(C)[NH+](C)C)(c1ccccc1)c1ccccc1,Methadone,21.968205139429678,-1.3417945753600125,1.7791728366755648,Low,0.038601921798700624,8.28,60.0,
C[NH2+][C@@H](C)Cc1ccccc1,Methamphetamine,21.646983837184084,-1.335397392877823,2.437915838134045,Low,0.03279597320651582,9.0,126.0,0.92
CN(Cc1cnc2nc(N)nc(N)c2n1)c1ccc(C(=O)NC(CCC(=O)[O-])C(=O)[O-])cc1,Methotrexate,21.709450841283093,-1.3366488377512002,2.5425229000286933,Low,0.03187400026350899,0.16,10.5,0.68
COC(=O)C(c1ccccc1)C1CCCC[NH2+]1,Methylphenidate,21.80870582002956,-1.3386298942858867,1.9900565468365745,Low,0.036743260716285774,3.0,53.0,
CC1=C2CC(=O)C=C[C@]2(C)[C@@H]2[C@@H](C1)[C@@H]1CC[C@](O)(C(=O)CO)[C@@]1(C)C[C@@H]2O,Methylprednisolone,22.01479846754789,-1.342714714104766,1.8009427460778502,Low,0.03841004883068981,1.4,62.1,
CC[NH+](CC)CCNC(=O)c1cc(Cl)c(N)cc1OC,Metoclopramide,21.70017623867794,-1.336463260999429,2.703567578394961,Low,0.03045460435103732,3.3,48.0,0.4257
COCCc1ccc(OCC(O)C[NH2+]C(C)C)cc1,Metoprolol,20.922115863585176,-1.3206056028249278,4.1720370862649006,Medium,0.017511987195322203,6.3,87.2,0.69
Cc1ncc([N+](=O)[O-])n1CCO,Metronidazole,22.04873502755541,-1.3433836783248871,1.68489779842178,Low,0.03943283161393337,1.2,5.8,0.96
CC1(C)S[C@@H]2C(NC(=O)C(NC(=O)[NH+]3CC[NH+](S(C)(=O)=O)C3=O)c3ccccc3)C(=O)[NH+]2C1C(=O)[O-],Mezlocillin,21.528977308757504,-1.3330234000179901,2.563237645153473,Low,0.03169142717350515,0.3,50.0,0.65
COCC(=O)O[C@]1(CC[NH+](C)CCCc2nc3ccccc3[n-]2)CCc2cc(F)ccc2[C@@H]1C(C)C,Mibefradil,22.100539037354267,-1.3444028663590286,1.630117637179857,Low,0.03991564630697455,,94.0,
Cc1ncc2n1-c1ccc(Cl)cc1C(c1ccccc1F)=NC2,Midazolam,19.865485467123296,-1.2980991826869568,5.266502190365975,High,0.00786572436401751,2.6,90.0,0.04
C[NH+]1CC[C@]23c4c5ccc([O-])c4O[C@H]2[C@@H](O)C=C[C@H]3[C@H]1C5,Morphine,21.574576874934124,-1.3339422869975261,2.620282937581143,Low,0.03118864834393442,14.9,57.9,0.86
CO[C@@]1(NC(=O)C(C(=O)[O-])c2ccc([O-])cc2)C(=O)[NH+]2C(C(=O)[O-])=C(CSc3nnnn3C)CO[C@@H]21,Moxalactam,22.06033887115156,-1.3436121793979545,1.8346188453130718,Low,0.03811323854122621,0.25,9.1,1.0
COc1c(N2C[C@@H]3CCC[NH2+][C@@H]3C2)c(F)cc2c(=O)c(C(=O)[O-])cn(C3CC3)c12,Moxifloxacin,21.813843011383177,-1.3387321833050954,2.2014896576357312,Low,0.0348797573936429,3.6,42.5,0.63
COc1nc(C)nc(Cl)c1NC1=[NH+]CCN1,Moxonidine,21.62741541741675,-1.335004622212018,2.6557658093309415,Low,0.030875913743602726,3.2,50.1,
OC(C[NH2+]CC(O)C1CCc2cc(F)ccc2O1)C1CCc2cc(F)ccc2O1,Nebivolol,21.613620345388764,-1.3347275185877971,2.5289898449302974,Low,0.03199327625129562,6.2,49.0,0.015
COC(=O)C1=C(C)[NH2+]C(C)=C(C(=O)OCC[NH+](C)Cc2ccccc2)C1c1cccc([N+](=O)[O-])c1,Nicardipine,21.79363549221354,-1.3383296828626183,2.2041176878012863,Low,0.034856594782417975,1.9,163.0,0.084
C[NH+]1CCC[C@H]1c1cccnc1,Nicotine,21.605770229629616,-1.334569753198298,2.556742786024347,Low,0.03174867076946548,2.77,46.3,
COC(=O)C1=C(C)[NH2+]C(C)=C(C(=O)OC)C1c1ccccc1[N+](=O)[O-],Nifedipine,21.900776329055418,-1.3404595097921352,2.0960734609005183,Low,0.03580886179046109,0.27,5.9,0.035
COCCOC(=O)C1=C(C)[NH2+]C(C)=C(C(=O)OC(C)C)C1c1cccc([N+](=O)[O-])c1,Nimodipine,21.2935876005811,-1.3282488386987237,3.4555783856475246,Medium,0.02382662336602646,5.5,19.6,0.03
COC(=O)C1=C(C)[NH2+]C(C)=C(C(=O)OCC(C)C)C1c1ccccc1[N+](=O)[O-],Nisoldipine,22.006663118140697,-1.342554195245607,1.8392682726005523,Low,0.03807225998698815,0.89,45.8,0.009
O=c1[n-]c(O)cn1/N=C/c1ccc([N+](=O)[O-])o1,Nitrofurantoin,21.367434448063612,-1.32975238028589,2.892184234930751,Low,0.02879219790565271,0.34,22.7,0.48
CC1COc2c(N3CC[NH+](C)CC3)c(F)cc3c(=O)c(C(=O)[O-])cn1c23,Ofloxacin,21.815319022362402,-1.3387615683949696,2.1969777573965183,Low,0.034919523828783675,1.42,13.2,0.64
COC1CC(OC2C(C)C(=O)OC(C)C(C)C(O)C(C)C(=O)C3(CO3)CC(C)C(OC3OC(C)CC([NH+](C)C)C3O)C2C)OC(C)C1O,Oleandomycin,21.853263965737412,-1.339516311624256,2.1158512202982336,Low,0.03563454699079339,6.8,51.0,0.46
COc1ccc2nc([S+](O)Cc3ncc(C)c(OC)c3C)[n-]c2c1,Omeprazole,21.673402557153864,-1.335927097558652,2.443830355068187,Low,0.03274384455969724,0.44,53.0,0.19
CCC(CC)O[C@@H]1C=C(C(=O)[O-])C[C@H]([NH3+])[C@H]1NC(C)=O,Oseltamivir acid,22.02136933781069,-1.3428443208739211,1.8442915928108745,Low,0.03802798606098264,1.3,25.0,
O=C1N=C(c2ccccc2)c2cc(Cl)ccc2NC1O,Oxazepam,18.01257537391346,-1.2555758111381432,0.06427081104140009,Low,0.053716515774532195,2.0,24.1,0.09
COc1ccc2c3c1OC1C(=O)CC[C@@]4(O)[C@@H](C2)[NH+](C)CC[C@]314,Oxycodone,22.130099266049548,-1.3449833619887523,1.0777314275063319,Low,0.044784200400597725,2.8,82.0,0.87
[NH3+]CCC(O)(P(=O)([O-])[O-])P(=O)([O-])[O-],Pamidronic acid,21.629848042823294,-1.3350534683806012,2.7001822905956967,Low,0.03048444118708531,0.18,15.2,
CC(=[NH2+])N1CC[C@H](SC2=C(C(=O)[O-])[NH+]3C(=O)C([C@@H](C)O)[C@H]3C2)C1,Panipenem,21.821897916459093,-1.3388925197995412,2.1268978843361315,Low,0.0355371852527906,0.2,27.7,0.95
COc1ccnc(C[S+](O)c2nc3ccc(OC(F)F)cc3[n-]2)c1OC,Pantoprazole,21.617937197557307,-1.334814250835663,2.4823811752114553,Low,0.032404070050605194,0.35,8.5,
COc1ccc(Cc2nccc3cc(OC)c(OC)cc23)cc1OC,Papaverine,21.98524063474396,-1.3421312234590013,1.505828276915966,Low,0.04101109268689813,,,0.09
CCn1cc(C(=O)[O-])c(=O)c2cc(F)c(N3CC[NH+](C)CC3)cc21,Pefloxacin,21.983862512314058,-1.3421039992982133,1.8877160241903526,Low,0.03764525711255222,2.79,28.47,0.28
[H]/[NH+]=C(\N)c1ccc(OCCCCCOc2ccc(/C(N)=[NH+]/[H])cc2)cc1,Pentamidine,21.3016092464195,-1.328412413788051,3.207309923141597,Medium,0.026014781611622684,10.1,111.5,0.4
CCCC(C)C1(CC)C(=O)[N-]C(=O)[N-]C1=O,Pentobarbital,22.11329346805314,-1.3446534295295165,1.6407002091784804,Low,0.039822374926692605,1.64,8.4,0.5
CC(=O)CCCCn1c(=O)c2c(ncn2C)n(C)c1=O,Pentoxifylline,22.138457198499545,-1.3451473521558674,1.425994969386465,Low,0.0417147177401194,0.1,7.28,0.76
c1ccc(C2([NH+]3CCCCC3)CCCCC2)cc1,Phencyclidine,21.572513706609374,-1.3339007536006142,2.5699655415374636,Low,0.03163212966225643,12.6,66.3,0.37
CCC1(c2ccccc2)C(=O)[N-]C(=O)[N-]C1=O,Phenobarbital,22.036637891769136,-1.3431453353506635,1.7476402030681426,Low,0.03887984027266627,1.02,0.8,0.64
COc1ccc(-c2nc3ccc(C4=N[N-]C(=O)CC4C)cc3[n-]2)cc1,Pimobendan,21.924160280861635,-1.3409229684065171,1.9144785101604858,Low,0.03740938118309621,3.5,163.0,
CC(C)[NH2+]CC(O)COc1cccc2[nH]ccc12,Pindolol,21.646983837184084,-1.335397392877823,2.437915838134045,Low,0.03279597320651582,1.36,48.3,0.57
CC[NH+]1CC[NH+](C(=O)NC(C(=O)NC2C(=O)[NH+]3C(C(=O)[O-])C(C)(C)S[C@H]23)c2ccccc2)C(=O)C1=O,Piperacillin,22.027312891236427,-1.3429615208599701,1.9266911726021902,Low,0.0373017427108039,0.39,17.7,0.61
C[C@@H]1CCC[C@H](C)[NH+]1CCCC(O)(c1ccccc1)c1ccccn1,Pirmenol,21.661968103100858,-1.335697912007063,2.470631814368229,Low,0.03250762513186718,2.6,62.0,0.49
CCC(C)C(=O)O[C@H]1C[C@H](O)C=C2C=C[C@H](C)[C@H](CC[C@@H](O)C[C@@H](O)CC(=O)[O-])[C@H]21,Pravastatin,22.091365397716245,-1.3442225590750625,1.6151720401960152,Low,0.040047371983870664,0.19,36.0,0.33
COc1cc2nc(N3CC[NH+](C(=O)c4ccco4)CC3)nc(N)c2cc1OC,Prazosin,21.81385217329834,-1.3387323657107522,2.0046274088186102,Low,0.036614837832969795,5.11,68.8,0.19
C[C@]12C=CC(=O)C=C1CC[C@@H]1[C@@H]2[C@@H](O)C[C@@]2(C)[C@H]1CC[C@]2(O)C(=O)CO,Prednisolone,22.023075681292493,-1.3428779712268057,1.765937305701879,Low,0.03871857550470335,1.74,98.7,0.32
C[C@]12C=CC(=O)C=C1CC[C@@H]1C2C(=O)C[C@@]2(C)[C@H]1CC[C@]2(O)C(=O)CO,Prednisone,21.995862338677384,-1.3423409929820243,1.8321777367331726,Low,0.0381347536858144,1.3,154.7,0.41
CC[NH+](CC)CCNC(=O)c1ccc(N)cc1,Procaimide,21.73592801404772,-1.337178187097651,2.470670179586262,Low,0.03250728699319529,4.86,120.0,0.72
CCC[NH2+]CC(O)COc1ccccc1C(=O)CCc1ccccc1,Propafenone,22.099966828694047,-1.3443916218242082,1.6050526526911801,Low,0.04013656100524529,1.4,28.1,0.09
CC(C)c1cccc(C(C)C)c1[O-],Propofol,21.612334840914656,-1.3347016874640047,2.4192716438838726,Low,0.0329602971281659,1.37,107.3,0.03
CC(C)[NH2+]CC(O)COc1cccc2ccccc12,Propranolol,21.646983837184084,-1.335397392877823,2.437915838134045,Low,0.03279597320651582,4.58,94.3,0.1
[H]/[NH+]=C(\N)N1CCC[C@@H](CNC(=O)CC(NS(=O)(=O)c2ccc3ccccc3c2)C(=O)[NH+](CC(=O)[O-])C2CC2)C1,psagatran,22.12780364046104,-1.344938308903946,1.6690596826113338,Low,0.03957242366423057,0.6,65.4,0.33
O=c1c([O-])c(-c2ccc([O-])c([O-])c2)oc2cc([O-])cc([O-])c12,Quercetin,21.953376069571945,-1.3415013170902323,1.944652697411574,Low,0.03714343561767403,0.28,115.9,0.02
C=C[C@H]1C[NH+]2CC[C@H]1C[C@@H]2[C@@H](O)c1ccnc2ccc(OC)cc12,Quinidine,21.03630037523977,-1.3229693634333848,3.2778632817140023,Medium,0.025392947038852375,5.28,18.63,0.32
C=CC1C[NH+]2CC[C@H]1CC2C(O)c1ccnc2ccc(OC)cc12,Quinine,21.03630037523977,-1.3229693634333848,3.2778632817140023,Medium,0.025392947038852375,6.12,87.92,0.36
COCCCOc1ccnc(C[S+](O)c2nc3ccccc3[n-]2)c1C,Rabeprazole,20.95674978864389,-1.3213239282014384,4.050075561829156,Medium,0.018586916780199247,1.04,82.4,0.073
C[NH2+]/C(=C\[N+](=O)[O-])[NH2+]CCSCc1ccc(C[NH+](C)C)o1,Ranitidine,21.17223770982876,-1.3257667613577426,3.512561146553606,Medium,0.023324395669141677,2.87,31.9,1.0
C[NH+]1CCc2cccc3c2[C@H]1Cc1ccc([O-])c([O-])c1-3,R-Apomorphine,21.575561429155748,-1.333962105541914,2.5202483943033416,Low,0.032070320580949004,2.7,196.0,0.1
Cc1cccc(C)c1NC(=O)NCCC[NH2+]C(C)C,Recaim,22.088271429712016,-1.3441617304521896,1.5748156824703314,Low,0.040403059919536584,3.2,82.0,0.88
CC(C)(C)S(=O)(=O)CC(Cc1ccccc1)C(=O)NC(Cc1cnc[n-]1)C(=O)N[C@@H](CC1CCCCC1)[C@@H](O)[C@@H](O)C1CC1,Remikiren,22.09661793620705,-1.3443258065338137,1.688272775658067,Low,0.039403085651865774,4.4,119.0,0.053
CC[NH+]1CCC[C@H]1CNC(=O)c1c(OC)ccc(Br)c1OC,Remoxipride,21.94375174805115,-1.3413108814055614,1.7588359903306978,Low,0.03878116421060335,4.5,170.0,0.74
O=C1c2ccccc2S(=O)(=O)[NH+]1CCCC[NH2+]C[C@H]1CCc2ccccc2O1,Repinotan,22.120371315167116,-1.3447924128123465,1.512380568283087,Low,0.04095334290169465,1.48,38.3,0.054
NC(=O)c1ncn([C@@H]2O[C@H](CO)[C@@H](O)[C@H]2O)n1,Ribavirin,22.043116165271048,-1.3432729893503095,1.6651601079801124,Low,0.039606793258731204,11.4,43.0,0.95
O=C([O-])CCCCO/N=C(/c1cccnc1)c1cccc(C(F)(F)F)c1,Ridogrel,21.777242076523276,-1.3380028787812202,2.198082629064473,Low,0.03490978584585117,0.78,2.0,0.05
Cc1nc2n(c(=O)c1CC[NH+]1CCC(c3noc4cc(F)ccc34)CC1)CCCC2,Risperidone,21.98544297221579,-1.342135220396974,1.7441699986039683,Low,0.038910425536841764,3.6,71.7,0.118
Cc1nc2sccn2c(=O)c1CC[NH+]1CCC(=C(c2ccc(F)cc2)c2ccc(F)cc2)CC1,Ritanserin,21.960507072310605,-1.3416423638365222,1.6995690535398595,Low,0.03930352389785926,8.0,26.7,0.015
C[C@@H](O)C1C(=O)[NH+]2C(C(=O)[O-])=C(COC(N)=O)S[C@H]12,Ritipenem,21.99521044141367,-1.3423281214893996,1.8274019977338276,Low,0.03817684551078787,0.05,15.5,0.5
C[NH+](C)CCc1c[nH]c2ccc(Cn3cncn3)cc12,Rizatriptan,21.76224878565549,-1.337703770839538,2.4613189168106606,Low,0.032589706010667886,,79.0,
Nc1nc(C(=NO)C(=O)NC2C(=O)[NH+]3C(C(=O)[O-])=C(C=C4CC[NH+](CC(F)(F)F)C4=O)CS[C@H]23)cs1,Ro25-6833,21.458131602598097,-1.3315919044888722,2.8612782212790813,Low,0.02906459355320217,0.15,0.95,0.025
CCC1=NC(=O)C2CSSCC/C=C\[C@H](CC(=O)NC(C(C)C)C(=O)N2)OC(=O)C(C(C)C)NC1=O,Romidepsin,21.97024600097145,-1.3418349197455588,1.8755206890211382,Low,0.03775274286784701,63.8,625.0,
CN(C(=O)c1c([O-])c2ccccc2n(C)c1=O)c1ccccc1,Roquinimex,21.88095077957076,-1.3400661892038892,1.9842428697787529,Low,0.036794500592921345,0.32,0.17,
CN(CCOc1ccc(Cc2sc(=O)[n-]c2O)cc1)c1ccccn1,Rosiglitazone,21.691527037309477,-1.3362901264970541,2.329946342875148,Low,0.03374758155394326,0.2,1.3,
C[NH+](c1nc2ccccc2s1)C1CC[NH+](CC(O)COc2ccc(F)cc2)CC1,Sabeluzole,21.5844589254789,-1.3341411663291374,2.6414308991669166,Low,0.03100225702360972,5.8,35.9,0.016
CC(C)(C)NC(=O)C1C[C@@H]2CCCC[C@@H]2C[NH+]1C[C@@H](O)[C@H](Cc1ccccc1)NC(=O)C(CC(N)=O)NC(=O)c1ccc2ccccc2n1,Saquivir,21.725212724884457,-1.3369640375852003,2.673400292168827,Low,0.0307204890930488,3.0,80.0,0.007
C[C@@H](O)C1C(=O)[NH+]2C(C(=O)[O-])=C(SCCOC(N)=O)S[C@H]12,Sch34343,21.679764331171047,-1.3360545569148612,2.5544942928719503,Low,0.03176848826372924,0.14,22.8,
C#CC[NH+](C)[C@H](C)Cc1ccccc1,Selegiline,21.685397908063194,-1.336167395481354,2.3845580658121057,Low,0.03326625142185744,,,0.31
CC[NH+](CC)CCNC(=O)c1ccc(NS(C)(=O)=O)cc1,Sematilide,21.79824797881185,-1.3384215888471949,2.4013068567858893,Low,0.0331186329740565,2.08,25.6,0.91
C=c1cc(C)[nH]c1=Cc1c(O)[nH]c2ccccc12,Semaxanib,21.0934323576589,-1.3241472545950472,3.3567822314817186,Medium,0.024697380840371166,1.6,45.0,0.007
CCCc1nn(C)c2c(=O)nc(-c3cc(S(=O)(=O)[NH+]4CC[NH+](C)CC4)ccc3OCC)[n-]c12,Sildefil,22.472747954030826,-1.3516561809328682,0.6008117119963692,Low,0.048987617127181006,1.1,48.0,0.05
O=C1c2ccccc2OC[NH+]1CCO[N+](=O)[O-],Sinitrodil,21.74835593054301,-1.337426431990417,2.2691972161960487,Low,0.03428300478536745,1.99,84.9,
[NH3+][C@@H](CC(=O)[NH+]1CCn2c(nnc2C(F)(F)F)C1)Cc1cc(F)c(F)cc1F,Sitagliptin,21.420991962499915,-1.3308395782542397,2.6029756094845498,Low,0.03134118955799577,8.1,45.0,0.68
C[C@@H]1CN(c2c(F)c(N)c3c(=O)c(C(=O)[O-])cn(C4CC4)c3c2F)C[C@H](C)[NH2+]1,Sparfloxacin,21.869419744647374,-1.3398372601734003,2.040735930312267,Low,0.03629658895735698,3.5,19.6,0.5
O=C([O-])CC(NC(=O)CP(=O)([O-])[O-])C(=O)[O-],Sparfosic Acid,21.61278755876579,-1.3347107846211068,2.78225229139459,Low,0.029761102639967597,1.1,17.4,
Cc1cn([C@H]2C=C[C@@H](CO)O2)c(=O)[n-]c1=O,Stavudine,22.108300633917402,-1.344555361589296,1.6644478280647685,Low,0.039613071064434756,1.09,20.2,0.9
Nc1ccc(S(=O)(=O)Nc2ncccn2)cc1,Sulfadiazine,22.07201285758442,-1.3438419404602708,1.8208081939683252,Low,0.03823496117289692,0.34,1.1,0.86
O=c1c(CC[S+](O)c2ccccc2)c(O)n(-c2ccccc2)n1-c1ccccc1,Sulfinpyrazone,22.05899669625648,-1.3435857556477613,1.8441758560074795,Low,0.03802900612788165,0.43,0.46,0.0031
Cc1noc(NS(=O)(=O)c2ccc(N)cc2)c1C,Sulfisoxazole,21.88789520709322,-1.3402040007687273,2.091424312140873,Low,0.03584983788984455,0.25,0.65,0.056
CNS(=O)(=O)Cc1ccc2[nH]cc(CC[NH+](C)C)c2c1,Sumatriptan,22.054212200040308,-1.3434915489298414,1.6809357824692277,Low,0.039467751546123926,1.15,28.0,0.85
Cc1cccnc1NS(=O)(=O)c1ccc(C#Cc2ccc([O-])c(C(=O)[O-])c2)cc1,Susalimod,21.804319242767498,-1.3385425320218367,2.187860729945297,Low,0.03499987837156915,1.2,62.0,0.0033
CC(C)(C)[NH2+]CC(O)COc1ccc(NC(=O)NC2CCCCC2)cc1,Talinolol,21.95126566195759,-1.3414595657698234,2.0226438003040936,Low,0.03645604716263281,4.5,47.5,
CCOc1ccccc1OCC[NH2+][C@H](C)Cc1ccc(OC)c(S(N)(=O)=O)c1,Tamsulosin,22.226337555517354,-1.3468679057727952,1.12914181054287,Low,0.04433108584704071,3.25,82.2,0.24
C#CCCCC(=O)c1cc(C(C)(C)C)c([O-])c(C(C)(C)C)c1,Tebufelone,22.146237831324573,-1.3452999595491946,1.4065441825576335,Low,0.04188615070890345,7.9,41.35,
Cn1nnc2c(C(N)=O)ncn2c1=O,Temozolomide,21.861218463924335,-1.339674364265624,1.9658646180868933,Low,0.036956480582539336,0.92,9.8,
C[NH+]1C(C(=O)Nc2ccccn2)C(=O)c2sccc2S1(=O)=O,Tenoxicam,21.868767255939357,-1.3398243025148941,2.040135190080235,Low,0.036301883688225796,0.22,0.47,0.03
COc1cc2nc(N3CC[NH+](C(=O)C4CCCO4)CC3)nc(N)c2cc1OC,Terazosin,21.823113522200728,-1.338916711836546,2.0328064869274636,Low,0.03636647651677678,2.0,24.7,
CC(C)(C)[NH2+]CC(O)c1cc([O-])cc([O-])c1,Terbutaline,20.115084486541537,-1.3035218610167372,5.992322789910205,High,0.0014685754322300822,3.3,60.0,
C[NH+](C)C1C(=O)C(C(N)=O)=C([O-])[C@@]2(O)C(=O)C3=C([O-])c4c([O-])cccc4[C@@](C)(O)[C@H]3C[C@@H]12,Tetracycline,21.839012066962752,-1.339232988264797,1.9986564502590782,Low,0.03666746393809115,2.2,18.7,
COc1ccccc1Oc1c(NS(=O)(=O)c2ccc(C(C)C)cn2)nc(-c2ccnc(-c3nn[n-]n3)c2)nc1OCCO,Tezosentan,21.73982824470984,-1.3372561086247279,2.3914444857868413,Low,0.03320555673475035,0.27,4.3,
Cn1c(=O)c2[n-]cnc2n(C)c1=O,Theophylline,21.88095077957076,-1.3400661892038892,1.9842428697787529,Low,0.036794500592921345,0.55,2.25,0.37
Cc1ccsc1C(=CCC[NH+]1CCCC(C(=O)[O-])C1)c1sccc1C,Tiagabine,21.44635063668641,-1.3313534021996714,2.8293017162501943,Low,0.029346424166877633,2.05,89.0,
NC(=O)c1csc([C@@H]2O[C@H](CO)[C@@H](O)[C@H]2O)n1,Tiazofurin,22.03720168090475,-1.3431564462732852,1.730591984483905,Low,0.039030097778961235,,6.9,
CCCCS(=O)(=O)NC(Cc1ccc(OCCCCC2CC[NH2+]CC2)cc1)C(=O)[O-],Tirofiban,21.7047088856878,-1.336553965240959,2.5725421122978953,Low,0.03160942059764994,1.42,,0.15
[NH3+]C[C@H]1O[C@H](O[C@H]2[C@H](O)[C@@H](O[C@H]3O[C@H](CO)[C@@H](O)[C@H]([NH3+])[C@H]3O)[C@H]([NH3+])C[C@@H]2[NH3+])[C@H]([NH3+])C[C@@H]1O,Tobramycin,21.661596482319183,-1.335690461426466,2.46708198263863,Low,0.032538912205107164,0.68,15.7,
Cc1cccc(C)c1NC(=O)C(C)[NH3+],Tocainide,21.797293382590123,-1.3384025696604311,2.0328823276064374,Low,0.036365808081465376,5.0,37.8,
CCCC[NH2+]C(=O)[N-]S(=O)(=O)c1ccc(C)cc1,Tolbutamide,22.159355524035266,-1.3455571253512786,1.5731426106387714,Low,0.04041780583565799,0.13,0.42,0.04
Cc1ccc(C(=O)c2cc([O-])c([O-])c([N+](=O)[O-])c2)cc1,Tolcapone,21.850266169730077,-1.3394567317110608,2.0292500685529467,Low,0.0363978216425831,0.21,8.8,
C[C@@H](O)C1C(=O)[NH+]2C(C(=O)[O-])=C(S[C@H]3CC(C(=O)[NH+]4CC[C@H](NC(=O)C[NH+]=C(N)N)C4)[NH+](C)C3)[C@H](C)[C@H]12,Tomopenem,21.981617293569506,-1.342059642402004,1.9039275562258546,Low,0.0375023738919483,0.2,15.7,0.95
CC[C@@]1(O)C(=O)OCc2c1cc1n(c2=O)Cc2cc3c(C[NH+](C)C)c([O-])ccc3nc2-1,Topotecan,22.035093945585388,-1.3431149064439571,1.6879394315220788,Low,0.0394060236396892,3.08,34.4,0.747
Cc1cccc(Nc2ccncc2S(=O)(=O)[N-]C(=O)[NH2+]C(C)C)c1,Torsemide,21.890653206052065,-1.3402587208896048,2.088627121504225,Low,0.03587449142696443,0.23,3.74,0.06
COc1cccc([C@@]2(O)CCCC[C@@H]2C[NH+](C)C)c1,Tramadol,21.65486679004315,-1.3355555165106945,2.4917526454537184,Low,0.03232147293103154,3.86,63.5,0.75
O=c1n(CCC[NH+]2CCN(c3cccc(Cl)c3)CC2)nc2ccccn12,Trazodone,20.33387859800523,-1.3082202263040448,5.5483181749776715,High,0.005381889066353873,1.76,51.8,0.12
Nc1nc(N)c2nc(-c3ccccc3)c(N)nc2n1,Triamterene,21.71555571083708,-1.336770947631567,2.483951060979848,Low,0.032390233583201804,2.2,10.1,
Cc1nnc2n1-c1ccc(Cl)cc1C(c1ccccc1Cl)=NC2,Triazolam,19.930169260878714,-1.2995109870473758,5.312780443479015,High,0.007457842750223446,3.4,60.8,
COc1cc(Cc2cnc(N)nc2N)cc(OC)c1OC,Trimethoprim,21.64762151618274,-1.3354101861793488,2.5024892164135073,Low,0.03222684425351867,2.1,40.0,0.51
COc1cc(NCc2ccc3nc(N)nc(N)c3c2C)cc(OC)c1OC,Trimetrexate,21.67869686187629,-1.3360331725754888,2.377251094268294,Low,0.03333065271500819,9.2,71.1,
CCCC[C@@H]1CC(=O)[C@]2(O)O[C@@H]3[C@@H]([NH2+]C)[C@@H](O)[C@@H]([NH2+]C)[C@H](O)[C@H]3O[C@@H]2O1,Trospectomycin,22.141597726908458,-1.3452089561517449,1.5671998489219765,Low,0.04047018342289144,4.46,4.28,0.62
[NH3+]C1[C@H]2CN(c3nc4c(cc3F)c(=O)c(C(=O)[O-])cn4-c3ccc(F)cc3F)C[C@@H]12,Trovafloxacin,21.809942731320568,-1.3386545252071222,2.1275083741653473,Low,0.03553180459211317,0.75,13.5,0.07
Nc1ccn([C@@H]2CO[C@H](CO)O2)c(=O)n1,Troxacitabine,22.041207316671272,-1.3432353794995184,1.7042351696303522,Low,0.03926239825388796,1.42,23.0,
CC1C(=O)NC(Cc2ccc(F)cc2)C(=O)NCCCc2ccccc2O[C@H](C)C[NH2+]C(C2CC2)C(=O)[NH+]1C,TZP-101,21.993203348813967,-1.3422884897242953,1.8368806691382649,Low,0.038093303554707074,0.45,4.04,0.13
CS(=O)(=O)N(CCO)c1c(Cl)c(Cl)cc2[n-]c(=O)c(=O)[n-]c12,"UK-240,455",22.070706818973203,-1.3438162417554187,2.0755954690443073,Low,0.03598934821342893,0.4,12.0,0.03
CCCCCCCCCCCCCCCCCCCC(=O)[O-],Valproic Acd,22.153829692540416,-1.3454488127519089,1.5731961965070094,Low,0.04041733354707873,0.66,4.2,0.366
COc1ccc(C(C[NH+](C)C)C2(O)CCCCC2)cc1,Venlafaxine,21.59822288993947,-1.3344180187044632,2.441742571068578,Low,0.032762245615262885,6.6,64.5,0.59
COc1ccc(CC[NH+](C)CCCC(C#N)(c2ccc(OC)c(OC)c2)C(C)C)cc1OC,Verapamil,22.050179309130908,-1.3434121254432896,1.469081854719821,Low,0.041334963813794624,2.15,33.5,0.1045
N#C[C@@H]1CCC[NH+]1C(=O)C[NH2+]C12CC3CC(CC(O)(C3)C1)C2,Vildagliptin,22.037371233206112,-1.3431597876841717,1.6990685116414481,Low,0.03930793551289574,8.6,48.3,0.92
CC(c1ncncc1F)[C@](O)(Cn1cncn1)c1ccc(F)cc1F,Voricozole,21.675555554353135,-1.335970237456112,2.595689019986196,Low,0.03140541121036419,1.78,9.1,0.44
O=C(CCCCCCC(O)=NO)Nc1ccccc1,Vorinostat,22.166089807245257,-1.3456890884726107,1.377652141407581,Low,0.042140795851651223,1.6,129.5,0.61
CC(=O)CC(c1ccccc1)c1c([O-])c2ccccc2oc1=O,Warfarin,21.991008995808542,-1.3422451562029432,1.8231472531310424,Low,0.03821434545899522,0.24,0.17,0.4045
Nc1ccn([C@H]2CC[C@@H](CO)O2)c(=O)n1,Zalcitabine,22.042969218291297,-1.34327009418455,1.6987380554064475,Low,0.03931084804769024,1.0,11.2,0.85
CCN(C(C)=O)c1cccc(-c2ccnc3c(C#N)cnn23)c1,Zaleplon,22.19299390806793,-1.3462158939420625,1.4551956064580427,Low,0.04145735273233751,1.72,20.7,
CC(=O)N[C@H]1[C@H]([C@H](O)[C@H](O)CO)OC(C(=O)[O-])=C[C@@H]1[NH+]=C(N)N,Zamivir,21.722087193827218,-1.3369015526484582,2.6307536194496546,Low,0.031096363127212416,0.8,31.7,
Cc1cn([C@H]2C[C@H](N=[N+]=[N-])[C@@H](CO)O2)c(=O)[n-]c1=O,Zidovudine,22.092125755114488,-1.3442375066952594,1.6736666891290013,Low,0.03953181899299123,0.86,25.1,0.687
C[NH+](C)CCc1c[nH]c2ccc(C[C@H]3COC(=O)N3)cc12,Zolmitriptan,22.107907324049975,-1.3445476353588934,1.493891446759712,Low,0.04111630006228946,3.53,29.4,
Cc1ccc(-c2nc3ccc(C)cn3c2CC(=O)[NH+](C)C)cc1,Zolpidem,22.212275758591968,-1.3465930564668098,1.4338841618982205,Low,0.0416451849389273,1.05,48.7,0.17
